Model,Task,PR-AUC,PR-AUC SD,AUC-ROC,AUC-ROC SD,Median Rank,Median Rank SD
Kinematic Expert,kinematic,0.6882827247099319,0.028008224057270242,0.999698886566079,9.323926177676505e-05,60.9,2.219234102117215
Gps Expert,kinematic,5.1875969753692225e-05,6.074919989832798e-06,0.5060927140519905,0.018574150360684518,1062665.1,76721.90278564523
Sequential Expert,kinematic,0.24056523332673754,0.01997246134754375,0.9991218478458462,0.00030829200130651284,222.5,32.26259444000126
IF on kinematic,kinematic,0.3666786360497819,0.03447854369014263,0.9976388742955826,7.835927294314657e-05,712.1,360.6307668516373
LOF on kinematic,kinematic,0.3827236540051673,0.02545911880419853,0.9916498291219777,0.004176040173786263,114.7,29.710267585466138
OCSVM on kinematic,kinematic,0.4621891504053199,0.03158747789189482,0.989532489547355,0.005886287966030179,79.6,5.920304046246273
KNN on kinematic,kinematic,0.3955273087906804,0.02070390762315634,0.9995961634248319,6.846284254467239e-05,104.8,11.233877335986893
ECOD on kinematic,kinematic,0.6882827247099319,0.028008224057270242,0.999698886566079,9.323926177676505e-05,60.9,2.219234102117215
IF on gps,kinematic,5.1875969753692225e-05,6.074919989832798e-06,0.5060927140519905,0.018574150360684518,1062665.1,76721.90278564523
LOF on gps,kinematic,4.9933809212472297e-05,5.513627961961219e-06,0.5070750722595891,0.024669704060461553,1086560.7,115718.78783639673
OCSVM on gps,kinematic,4.7175548628935266e-05,4.396223195571906e-06,0.49496717824031994,0.025576680921122925,1126236.0,89506.4163489132
KNN on gps,kinematic,5.0036064964380345e-05,4.797583070426175e-06,0.5009228417560443,0.02771106127090212,1104708.8,143222.88433967176
ECOD on gps,kinematic,4.954065383095448e-05,4.169366810068445e-06,0.5098222964006544,0.022414988028300935,1086143.6,42461.34708531982
IF on behavioural,kinematic,0.012000414836767934,0.002770346835440746,0.9960319455553535,0.00025178391033701475,3476.2,477.2459533615765
LOF on behavioural,kinematic,0.1949946282688308,0.023090460929982026,0.9863901090710779,0.0029452607521411826,626.6,260.7322381294649
OCSVM on behavioural,kinematic,0.3892227195992591,0.026498123530410676,0.9765073063988365,0.01496127038409969,106.6,22.353411372763667
KNN on behavioural,kinematic,0.30145203563460576,0.021092815192388727,0.9989561334302854,0.00017786418522783656,153.3,35.580191118092664
ECOD on behavioural,kinematic,0.4111870665650278,0.036030165378563885,0.9992534102890384,0.00016349808497441993,146.0,15.783694117664597
IF on all,kinematic,0.00491608140538292,0.0008423452441815913,0.9908042637702236,0.000668974836856568,9594.4,1045.1542589493667
LOF on all,kinematic,0.08626860721603544,0.013050065593240994,0.9789532675877112,0.005151661968004233,2206.6,831.861722283217
OCSVM on all,kinematic,0.34828691574147264,0.029526450964181838,0.9926235602617706,0.0037760888451359165,116.5,22.031227836868286
KNN on all,kinematic,0.2752424106670392,0.026237760062046495,0.9984663561170697,0.00031808097810072014,170.5,33.79164097820643
ECOD on all,kinematic,0.3081860870585222,0.05107896883597846,0.9988239829121979,0.00015327662116223215,252.1,86.2774593969943
Threshold rule,kinematic,0.34939029695617424,0.02961621445430671,0.9986509798218506,0.00022907556949405654,145.7,17.210461934532727
Kinematic Expert,gps,4.7972401371302996e-05,2.6379888210925748e-06,0.5088682757680422,0.022633831624003755,1045423.6,56405.21555162253
Gps Expert,gps,0.03516331362136627,0.01540493408583809,0.9886315079076532,0.0003883044726744793,23190.9,1153.8564360439302
Sequential Expert,gps,7.608554714084328e-05,6.0866752520791154e-05,0.49916975822577714,0.02049723437723432,1081786.1,100079.67328109137
IF on kinematic,gps,4.726997472067955e-05,1.7257814041171169e-06,0.4875704390110888,0.014532053324046827,1142170.1,50371.2223849094
LOF on kinematic,gps,5.204714943897712e-05,1.9608064667717612e-06,0.5190677808580257,0.020583567672930098,1078949.4,75658.26270424799
OCSVM on kinematic,gps,5.257791036422559e-05,8.512511279803762e-06,0.5088060498091256,0.016575459656270383,1097174.6,96229.64250323287
KNN on kinematic,gps,5.9098524534264936e-05,2.473105047012124e-05,0.5057831094346483,0.01811147871501922,1024307.6,77084.34294281167
ECOD on kinematic,gps,4.7972401371302996e-05,2.6379888210925748e-06,0.5088682757680422,0.022633831624003755,1045423.6,56405.21555162253
IF on gps,gps,0.03516331362136627,0.01540493408583809,0.9886315079076532,0.0003883044726744793,23190.9,1153.8564360439302
LOF on gps,gps,0.00013339626466966225,2.0045297924742963e-05,0.6908505817124159,0.050300456558527135,261303.3,30114.187762166195
OCSVM on gps,gps,0.004380214062445006,0.004777941005163855,0.8353593687511361,0.013800676040738884,182883.2,21515.606712337907
KNN on gps,gps,0.007679209388420982,0.006247725782682149,0.9642786820578078,0.0031931606484725886,76092.5,9471.746235515393
ECOD on gps,gps,0.006731992915744743,0.005678682460283467,0.9913645978003999,0.00039804999044604553,16677.9,1212.985129752216
IF on behavioural,gps,4.766559363289447e-05,2.083510158752625e-06,0.49109182648609345,0.019255575397340706,1116849.1,85590.89686000488
LOF on behavioural,gps,4.7376557443508645e-05,4.540524106097736e-06,0.4992483143973823,0.02154923953280132,1113265.2,78214.81136396098
OCSVM on behavioural,gps,5.209123705964318e-05,6.204840864052932e-06,0.5100964570078167,0.024225785626613303,1084993.0,76584.54035982066
KNN on behavioural,gps,6.289458294665693e-05,3.389667444586351e-05,0.5021186975095437,0.024783148266208165,1087185.9,110307.00285645967
ECOD on behavioural,gps,4.773686129776556e-05,1.405057227240884e-06,0.5034805144519179,0.020804274367965624,1080038.8,82167.75665186436
IF on all,gps,0.0011395295301427216,0.0005414969629639169,0.9535940347209598,0.0019164174103924573,95101.1,14554.493693529843
LOF on all,gps,0.00026005966680578776,0.0002918576440978356,0.6285664692783131,0.040150596856844384,697185.3,110700.18589053949
OCSVM on all,gps,0.0010665722309967309,0.000664520122750707,0.774526295219051,0.015289440368947544,391319.5,10843.988709188148
KNN on all,gps,0.0009895830454474547,0.000595619648038822,0.863323068532994,0.01347436856748828,313134.2,55800.32801718105
ECOD on all,gps,0.0006038174313608869,0.00011475245752137501,0.9324080485366297,0.003742119434446945,118920.3,16822.550708052568
Threshold rule,gps,0.004257472846249801,0.00466577760755242,0.9897234352844937,0.000401369657173985,21066.1,1424.3173101524817
Kinematic Expert,sequential,7.091407968984265e-05,1.6521259303341694e-05,0.6111388974731866,0.03734705788375736,770490.6,128355.84007038792
Gps Expert,sequential,5.1875969753692225e-05,6.074919989832798e-06,0.5060927140519905,0.018574150360684518,1062665.1,76721.90278564523
Sequential Expert,sequential,9.043469991397127e-05,4.760394978791847e-05,0.6549470841665153,0.037442597053216155,717244.0,89495.65265139978
IF on kinematic,sequential,7.589104431052237e-05,9.565615117982831e-06,0.6818473854753682,0.03201354034544375,595819.6,70646.02018107602
LOF on kinematic,sequential,0.00012216393878861082,6.686924186109093e-05,0.5895336866024359,0.018065395714408683,778614.5,97863.62266759288
OCSVM on kinematic,sequential,5.9247803394448675e-05,1.654381650962149e-05,0.492245848936557,0.03588730085850034,1177268.0,148153.247680822
KNN on kinematic,sequential,8.603003200902802e-05,1.9750369694250184e-05,0.6834105517178695,0.02951009841976506,572380.7,96463.33523650322
ECOD on kinematic,sequential,7.091407968984265e-05,1.6521259303341694e-05,0.6111388974731866,0.03734705788375736,770490.6,128355.84007038792
IF on gps,sequential,5.1875969753692225e-05,6.074919989832798e-06,0.5060927140519905,0.018574150360684518,1062665.1,76721.90278564523
LOF on gps,sequential,4.9933809212472297e-05,5.513627961961219e-06,0.5070750722595891,0.024669704060461553,1086560.7,115718.78783639673
OCSVM on gps,sequential,4.7175548628935266e-05,4.396223195571906e-06,0.49496717824031994,0.025576680921122925,1126236.0,89506.4163489132
KNN on gps,sequential,5.0036064964380345e-05,4.797583070426175e-06,0.5009228417560443,0.02771106127090212,1104708.8,143222.88433967176
ECOD on gps,sequential,4.954065383095448e-05,4.169366810068445e-06,0.5098222964006544,0.022414988028300935,1086143.6,42461.34708531982
IF on behavioural,sequential,7.208136961726688e-05,8.489941472629706e-06,0.6689826667878568,0.03081113717930889,641911.7,68458.73465690846
LOF on behavioural,sequential,0.0002638045849750044,0.0002958606841430547,0.5969422300490821,0.01305018730124924,792403.0,65819.16529210928
OCSVM on behavioural,sequential,5.6689552674600935e-05,1.3191825771998877e-05,0.4882443010361753,0.0361218999453847,1193828.4,114990.67723374361
KNN on behavioural,sequential,8.79540026626893e-05,3.0017147205921807e-05,0.6720942337756772,0.026712942890501235,623565.9,82429.22989101012
ECOD on behavioural,sequential,6.941277393310289e-05,2.3164870133430356e-05,0.5868684002908562,0.030374670248357098,820676.3,114743.8918905926
IF on all,sequential,6.154903649388227e-05,7.134462845866557e-06,0.6133913724777313,0.03465113826760531,756144.9,100810.02381174701
LOF on all,sequential,0.00022722750119226294,0.0001885232179995175,0.6084728003999273,0.03603158870085908,784196.1,143473.13828440153
OCSVM on all,sequential,4.361847413915215e-05,5.365047338009352e-06,0.4269975404471914,0.017968640086922623,1420284.6,78818.14006892701
KNN on all,sequential,7.838122013837156e-05,1.9972578918862706e-05,0.6614220678058536,0.036549853887508525,668627.2,106994.69752784482
ECOD on all,sequential,5.6108931164772464e-05,5.11548406955608e-06,0.5679287293219415,0.03542265125091222,881301.8,120448.07364513971
Threshold rule,sequential,7.706459337438021e-05,3.6841160034944573e-06,0.6944589465551718,0.014776832420569848,551983.1,18579.225240843618
